sentence_id,kankanaey,english
1,Laylaydek sik-a,I love you.
2,Inmey din lalaki,The man went.
3,Mankanta din babai.,The woman will sing.
4,Wada di aso.,There is a dog.
5,Manayayam din ubing.,The child is playing.
6,Emeyak ed bebeey yo.,I am going to your place.
7,Laylaydek sina tan magay somangaw,I like it here because there's no disturbance.
8,Nalaing ka ay man-oto,You are great at cooking.
9,Nam-is kinan tako,That meal was delicious.
10,Nalaing ka ay manginglis,You are great at speaking English.
11,Ay sinoy ngadana?,What is his/her name?
12,Makiali kan sak-en,Come with me.
13,Nay emeyak.,I'll be going now.
14,Omalis kas na.,Come here. 
15,Adak maawatan.,I do not understand.
16,Man-aagagak.,I'm in a hurry.
17,Mangan takoet.,Let’s eat now.
18,Man-inomak kod.,Give me a drink please.
19,Linagak.,I made it myself.
20,Intoy napoam?,Where did you go?
21,Intoy emeyam?,Where are you going?
22,Emeyak sidi.,I am going there.
23,Mangon-onaak.,I'll go ahead. (said when leaving) 
24,Somaaak.,I'm going home.
25,En tako et.,Let's go.
26,Adak ammo.,I don't know.
27,Sak-en di mangamag.,Let me do it.
28,Nabbay da tan nan-obla da.,They are tired because they worked.
29,Ay ammom di ipogaw sidi?,Do you know the person there?
30,Sino san kadwam?,Who is your companion?
31,Itangeb mo din tawa.,Close the window.
32,Bokatam din tangeb.,Open the door.
33,Niling-ak.,I forgot.
34,Sino na?,What is this?
35,Sino sa?,What is that?
36,Sino di?,What/Who was that?
37,Sinoy nakin lapis issa?,Whose pencil is that?
38,Pig-an?,When?
39,Into?,Where?
40,Ay tan?,Why?
41,Intoy iyatna?,How?
42,Sino?,What/Who?
43,Ipidwam kod.,Please repeat what you said?
44,Komadwa ka kod.,Please come with me
45,Intoy ili yo?,Where are you originally from?
46,Intoy beey yod niman,Where are you currently staying?
47,Ay kadatdateng mo?,Did you just arrive?
48,Ay piga kayo ay siag-i?,How many siblings do you have?
49,Wao kami ay siag-i.,I have eight siblings.
50,"Aga, sak-en di an-anongos","No, I am the youngest."
51,Ay sik-ay pangpangoan?,Are you the eldest?
52,Ay waday asawam?,Do you have a spouse?
53,Ay way anak mo?,Do you have children?
54,"Aw, limay anak ko.","Yes, I have five children."
55,Doway babai yan toloy lalaki.,Two girls and three boys.
56,Ay dedas amam?,Is your father still alive?
57,"Aw, mon natey si inak ed taw-en.","Yes, but my mother died last year."
58,Lawa di liknana.,He doesn't feel well.
59,Mansaksakit.,It hurts.
60,En ka manpadoktol.,Go to the doctor.
61,Intoy kad-an doktol?,Where does the doctor reside.
62,Sinoy liknaem?,Tell me how you feel.
63,Mankedked toktok ko.,My head hurts.
64,Nan-ootak ed labi.,I vomited last night.
65,Kamanak manmalalya.,I feel like I'm having malaria.
66,Ay ammom ay mantagalog?,Do you know how to speak tagalog?
67,Maawatak di at-atik mon adak ammo ay mangikali.,I understand a little but I don't know how to speak.
68,Baken ostoy iyat ko ay mangikali.,I am not saying it right.
69,Ad-adalek ay mankalis kankana-ey.,I am studying how to speak kankana-ey.
70,Panbolod ta kod bolpin mo.,May I please borrow your ballpen?
71,Mansolatak en nanang.,I will write a letter for my mother.
72,"Masapol ko di papil, istam, ya inbilop.","I need a paper, a stamp, and an envelope."
73,Man-a ka.,Take some more.
74,"Osto, enggay nabsogak.","Im done, I'm already full."
75,Mam-is di insida tako dowan mansalsalangat.,The food was delicious and spicy.
76,Man-inomak kod.,Please give me something to drink.
77,Pigay esay yaldas nan lopot?,How much for a yard of cloth?
78,Nalalakaey abe.,It is already cheap.
79,Ay tan pigay laydem?,How much do you want then?
80,Sinoy nangamag sina?,Who made this?
81,Ay malanko kas baskit?,Would you like to buy a basket?
82,Initdon nanang ko.,My mother taught me.
83,Egenak kod ay.,Let me carry it for you.
84,Manlogan ka sin bas ay doy.,You take the bus there.
85,Omonad ka.,Follow me.
86,Intoy panloganan si emey ed Baguio?,Where can you get a ride to Baguio?
87,"Isdi, mon agpos mo manlogan kaet si traysikel.","Over there, but it's better to take a tricycle."
88,Intoy kabayag logan ed La Trinidad.,How long does it take to go to La Trinidad.
89,Emey samet ay wao ay olas.,Maybe around eight hours.
90,Mandan ka sin kanigid mo labsam din langtay.,You turn left after you pass through the bridge.
91,Intos das tatang yan nanang mo?,Where is your mother and father.
92,Beey angkel din wadas likod di singbaan.,Uncle's house is behind the church.
93,Manikid kas di.,Climb up there.
94,Bomallalong kas na.,Come down here.
95,Isaldeng mo sin solyon di kalsada ay sana.,Stop at the corner.
96,Mandisaagak sina.,I will get off here.
97,Imbag ta naagew.,Good thing it's sunny.
98,Man-atong tan tiyagew.,It's hot because it's the dry season.
99,Mandagdagem tan way pewek edwani.,It's windy because there's a typhoon today.
100,Man-atong sina mon man-atet ed Atok.,It's hot here but it's cold at Atok.
101,Sinoy olas ay palogian di miting?,What time will the meeting start?
102,Ay mabayag pay?,Will it take a long time?
103,Sinoy olas?,What time is it?
104,Naladaw ka.,You are late.
105,Itnengan yo agan-o.,Listen first.
106,Isten yo ay mangitneng.,Listen carefully.
107,Songbatam.,Answer it.
108,Imanglet mo ay mamasa.,Read it louder.
109,Din mata yoy mamasa.,Use your eyes to read.
110,Kasin yon adalen.,Study it again.
111,"Way ibagak, songbatan yo..","I will ask a question, then you answer."
112,Ipikam.,Stand up.
113,Itokdom.,Sit down.
114,Itag-ey yon takkay yo mo ammo yo din songbatna.,Raise your hands up if you know the answer.
115,Adak ammo no sak-en tu met laeng.,I don't even know if I'm still the one.
116,Siya.,Indeed.
117,Annay!,Ouch!
118,Baken.,Wrong.
119,Intoy panlakoak si dyalyo?,Where can I buy a newspaper?
120,Intoy panpalipilan das linos?,Where can I get a watch repaired?
121,Intoy opisinan di tikit di talipyano?,Where is airplane ticket office?
122,Intoy danan ay emey ed malkit?,Where is the way to the market?
123,Intoy siged ay pangpanganan?,Where is a good restaurant?
124,Ay adawi pay laeng ed Trinidad?,Is La Trinidad still far away?
125,Kaam-ames ko.,I just took a bath.
126,Kauw-uwas ko.,I just washed.
127,Sinoy kanam?,What did you say?
128,Sinoy kanana?,What did he/she say?
129,Way nas di.,Come what may.
130,Gawis ay agew mo.,Good day to you.
131,Gawis ay agsapa.,Good morning.
132,Gawis ay masdem.,Good evening.
133,Gawis ay labi.,Good night.
134,Sinoy ngadan mo?,What is your name?
135,Sak-en si Allen.,I am Allen.
136,Sinoy am-amagen na ed wani?,What are you doing today?
137,Pig-an sumaa-am?,When will you go home?
138,Into si Allen?,Where is Allen?
139,Sinoy amagem no Domingo?,What will you do onSunday?
140,Sinoy laydem?,What/Who do you want?
141,Way esak ay ngiyaw.,I have a cat.
142,Way dowak ay logan.,I have two cars.
143,Waday tolok ay beey.,I have three houses.
144,Way opat ko ay lapis.,I have four pencils.
145,Way limak ay baket.,I have five wives.
146,Way enem ko ay siag-i.,I have six siblings.
147,Way pitok ay nowang.,I have seven pigs.
148,Way waok ay godak.,I have eight frogs.
149,Way siyam ay eweg.,I have nine snakes.
150,Way sinpok ay kiyap.,I have ten chicks.
151,Manogoga si Juan tan tainan di baket na.,Juan is crying because his wife left him.
152,Adi da ay emey.,That person is not coming
153,En ka alaen din gipan ko sin lamisaan.,Go get my knife on the table.
154,En ka ikdit din payew mo.,Go drain your pondfield.
155,Entako man obla.,Let's go work.
156,Omia ka kod si papil sin kantinan en Patricia.,Please get me some paper at Patricia's store.
157,Iaan yo kod si sak-en sin gatas.,Please get some of the milk for me.
158,Abaen naka mo emegyat ka.,I'll carry you on my back if you're afraid.
159,Omiaba ka en sis-iya.,Put me on her back.
160,Sis-iya di omabak ed niman.,It is he who will defeat me now.
161,Iabak ko amin din pilak mo.,I will win all your money.
162,Naabakan da kano si sinpo.,They were reportedly defeated by ten
163,Man-ab-abang kayo kano.,They say you are renting.
164,Man-inom kas sinat-ik ay tapey.,Drink rice beer a little at a time.
165,Nabaogan sa ay ipogaw.,That's a very old person.
166,Intoy pan-abatan ta?,Where shall we meet?
167,Nan-as begas ta ioto na.,She got some rice to cook.
168,Dinadael din otot din badok.,The rats have ruined my clothes.
169,Manames ak.,I am going to take a bath.
170,Emeyak pay.,I am going.
171,Deda ay mandadada din bagang na.,His neck was still bleeding.
172,Idaan mo ta adi da ak-akewen din abokado.,Warn them so they don't steal the avocados.
173,Edadem din bilkom ta lomibaw.,Loosen your belt so it will become loose.
174,Man-ed-ed tan adi na ammo ay manlangoy.,He is choking because he doesn't know how to swim.
175,Magmag-as di pantalona.,His pants are falling down.
176,Adim eg-egasen tan magopak.,"Don't drop it, because it will shatter."
177,Pag-en mo kod nan Esther.,Please have Esther carry this.
178,Adi ka manpag-en en sak-en tan mabbayak.,Don't lean on me because I'll get tired.
179,Iwed di matey si makilot.,No one will die from being dirty.
180,Pay-am si danom ta malnay.,Put water on it so it will soften.
181,Naenaban din ginawang.,The river has risen.
182,Entem san gayang.,Pull out that spear.
183,"Enggan mo kanam sa, baken met tet-ewa.","Even though you say that, it is definitely not true."
184,Gaatam din danan ta madalosan.,Cut back the weeds from the path so it will be cleared.
185,Sinoy in-gabon mo sin doy pagey?,What did you use to cover over that rice?
186,Nabasa tan ginadigadan din nowang.,It became wet because the carabao scratched itself against it.
187,Gagaen yo ay pasiya tan makoyot.,Chew it thoroughly because it's tough.
188,Kaman nagaga di ila na.,It looks like it's been chewed.
189,Man-gao kas innapoy.,Dish out some rice.
190,Igaokam san iyogtan mo.,Dip out some for your younger sibling.
191,Idawat mo san gibos di asin.,Give that last remaining bit of salt.
192,Ay say gibos na sa?,Is that the last of it?
193,"Adi yo gibgibosen, bomay-an kayos at-atik.","Don't use it up, leave a little bit of it."
194,Siged koma amin di itdok ta adiak igidos din nangitdo en sak-en.,Everything I teach should be good so I don't hurt the reputation of the one who taught me.
195,Nagotlo nan lawwas di takkay ko.,The forearm of my arm broke.
196,Gomoyod ka koday mo mabikas ka.,Pull me please if you are strong.
197,Goygoyodena din timba.,He is pulling up the bucket
198,Igoyod mo din sikin Christy.,Pull Christy's leg.
199,"Manbabawiak ay inmey ed Bagabag, tan man-atong baw.","I regret going to Bagabag, because it's hot."
200,"Nalogit sa, adi ka manbaktad.",That (the floor) is dirty. Don't lie down.
201,Kabadkat iman sin dakdake ay bato.,He picked the large stone right up in his hands.
202,Awni kod ta enak manbado.,Please wait so I will go get dressed.
203,Padasek kod ay manggen mo mabaelak.,I will please try to carry it if I am able.
204,Baken kan bagbagay san emeng mo.,Your mustache doesn't suit you.
205,Naballat ka.,You are lost.
206,Magay somangaw.,No complaint.
207,Mandandanak.,I am walking.
208,Sinoy wadas matam?,What is in your eye?
209,Sino din pangoan ed niman?,Who is the team leader now?
210,Pig-an di kinalpasan mo?,When did you finish?
211,Insabalig din dagem din odan.,The wind blew in the rain.
212,Mapoak ay manayayam.,I came to play.
213,Ay tet-ewa nan kanam?,Are you telling the truth?
214,"Aw, ad-adalek ed Baguio ed niman.","Yes, I am studying in Baguio now."
215,Sinab-it di pagat din pantalon ko.,Thorns snagged my pants.
216,"Las-otem, kaanem sin naisab-itana.","Unhook it, remove it from where it was hung."
217,Ay tan naladaw ka?,Why are you being delayed?
218,Agasem! Maas-asgangan kami.,We are amazed.
219,Wada abey dalloyon ay maisabsabon daida.,There were also waves splashing in on them.
220,Sab-o das na.,They are strangers here.
221,"Din asin, say maisab-ong sin makan.","Salt, that's what is added in small amounts to food."
222,Somadag ka en sak-en mo nabbay ka.,Lean against me if you are tired.
223,Insad-ang nan bado na ay nabasa sin alad.,He hung his wet shirt over the fence.
224,Kasasadot ay kaman pemewek.,"It's depressing, it's as if it's going to typhoon."
225,Sassaes-aem ay mametbet.,Cut them one at a time.
226,Nasasaew di tengngin tan nan-odan.,The cold is less severe because it rained.
227,Sasaew di lakon Lipon mo din lakon Rosa.,Lipon's prices are less expensive than Rosa's.
228,Wada din nasagana ay pao ya kaiw.,The prepared canes and poles are there.
229,Ay nabsog ka en?,Have you eaten?
230,Sag-enem ta way iyat na ay mannge.,Get closer to (him) so he can hear.
231,En ka sageyen din nilabsam.,Go back and harvest what you missed.
232,Timmuwayak ed labi.,I went outside at night.
233,Atongem nan bagi mo.,I am hugging you to keep you warm.
234,Ay mantagtag-inep ak?,Am I dreaming?
235,Ay ibagak nan ngadan mo?,Should I introduce you?
236,Dinmateng sisya sidi sin alas dose ed agsapa.,He arrived in the morning at twelve o'clock.
237,Magay salot nas istolya.,This is a story without a moral.
238,Goygoyangena din lota.,He is playing with the dirt.
239,Gawis nan liknak.,I am happy.
240,Sayos-oam kod san apoy.,Pour water all over that fire.
241,Maawatam sin ibagbagak?,Do you understand what I am saying?
242,Man-ibaw kami yan man-ogaak iman.,"We quarrelled, and I cried."
243,Natbekak si igang.,I was pierced by a small sharp stone.
244,Gominek ka kod ta siya di komali.,Let him speak.
245,Ay inisgep mo din binilag?,Did you bring the laundry into the house?
246,Pasgepem mangili ay sana.,Let that visitor inside.
247,Selag baw ed niman.,Oh I see it's full moon today.
248,Adak ammo ay mangikali uray sanka-gatin.,I am not able to tell you even a single step.
249,In-innayadem ay mandan ta adi manselak.,Walk slowly so it doesn't splash.
250,Naslakan kas pitek.,You are splashed with mud.
251,Isulat mo nan ngadan mo sina.,Write your name here.
252,Ey mo nan solat sin Post Office.,Take this letter to the Post Office.
253,Manlakoak si doway istam ay singkwenta sentabos yan esa ay sais sentabos.,I am going to buy two pieces of fifty-centavo stamps and one piece of six-centavo stamp.
254,"Tomaak ka, asi ka itpig sin apoy.","Move away, then throw it on the fire."
255,Mabbayak. Enggay nalpasak.,I am tired. I am done.
256,Natabe din awak kos alak.,My body is full if liquor
257,"Mangan takoet, adi ka bumain.","Eat, don't be shy."
258,Gawis baw mon peteg ay nasileng.,It's good but it's too flashy.
259,Wada ka pay laeng sina.,You are still here.
260,Mo magay takoli yan olay man-oto kayo sin banga.,"If there is no kettle, go ahead and cook (coffee) in the pot."
261,Sak-en di manginum.,I am the one who will drink.
262,Tined da din naanod ay nowang.,They followed after the water buffalo that was swept away.
263,Nalina / Nangina sa. Baken met say sayang?,Expensive. Isn't it a waste?
264,Nalaka laeng.,It's easy.
265,Itnengam kod mo sino san ibogbogaw da.,Please listen carefully what it is they are shouting.
266,Anggay itnep na san anak na mo?,How come he's getting his child wet in the rain?
267,Ay waday lima pesos mo?,Do you have five pesos?
268,"Uyay, pigay yaldas?","Hey, how many yards?"
269,Ay tinimbeng mo di in-otom ay innapoy?,Did you calculate the amount of rice you cooked?
270,Sinoy liknaem? / Gawis ay agew mo.,How are you?
271,Intoy naiton-odam en sis-iya?,How are you related to him?
272,Ay tan mabayag ka ay man-oto?,Why did you take a long time to cook?
273,Ammon nanang / si inak.,Mother knows.
274,Wadaak dya.,I am here.
275,"Osto, wada di manga.","Okay, there's a mango."
276,Sik-a din an-anopen ko.,You are the one I'm looking for.
277,Pigay bayad ko en daida?,How much will I pay them?
278,Peteg ay nangina.,Very expensive.
279,Opat din pilak / siping.,There are four coins.
280,Ay emeyam din ili?,Are you going to the province?
281,"Aw, sinoy kadwak ay manlogan?","Yes, who am I riding with?"
282,Lawlawa ka ay tsuper.,You are a rubbish driver.
283,Labdem ta topapenan dada.,Wrap it so it will stop the blood.
284,Emeyak ed Santa Lucia.,I am going to Santa Lucia.
285,Agpos mo manlogan kaet si bisikleta.,It's better if you ride a bicycle.
286,Intoy kabayag logan ed Baguio?,How long is the trip to Baguio?
287,"Agasem, gawis sa!","Wow, that's beautiful or amazing."
288,Mangan takoet. Ay naowat ka?,Let's eat. Are you hungry?
289,"Ay omalis ka kod, pangamaen / panginaen?","Will you come, young man/aunt?"
290,Mandan ka ta natey din manok mo.,Walk so I can have your chicken die.
291,Into din tiket yan bag ko?,Where is my ticket and my bag?
292,Isten ko tan amedyat ak sin apoy.,I am cautious about getting burned.
293,Somaa ka.,Go home.
294,Sik-a ay adi masapol ay bomallasiw sin ginawang.,You who don't have to cross the river.
295,Naloko ka mo labsam din langtay.,You are mischievous when you cross the bridge.
296,Tomowang si bogaw.,He shouts repeatedly.
297,Wada si tatang dita daya yan si nanang sin dallem.,There is a father above and a mother below/under.
298,Beey din lalaki din wadas likod di dontog.,The house behind the mountain is the house of the man.
299,En ka.,You go.
300,Gawis ka.,You are beautiful.
301,"Awni kod, adi ka emegyat sin aso.","Wait, don't be afraid of the dog."
302,Man-aalageyak sidi / Man-totokduak sidi.,I am standing there / I am sitting there.
303,Imbag ta isaldeng na.,It's good that it stopped.
304,En tako et sin uma.,Let's go to the field.
305,Abliam kod mantika.,Please open the (can of) oil.
306,Naliget ka tan din yegyeg ed Cagayan.,You are struggling because of the earthquake in Cagayan.
307,Mankokook din manok tan din tengnen.,The chicken is clucking because of the cold.
308,Mapo daida sin liyang.,They came from the cave.
309,Kinatit ak sin tengnen ed labi.,The cold bit me at night.
310,Kaman way emey ed Baguio.,It seems like someone is going to Baguio.
311,Apay nga tinpig mo din kosili?,Why did you throw stones at the bird?
312,Ay inan-anop kas gulo?,Are you looking for trouble?
313,Sapay koma ta itoltoloy yo ay mannemnemnem en dakami.,May you continue to think about us.
314,Matolyoyan din godgod ko.,My eraser will become rounded.
315,Mabalinak abe ay emey sin malkit.,I can also go to the market.
316,Ipeey mo din asokal sin danom ta matomay.,Put the sugar in the water so it will dissolve.
317,Tongkoem san bato.,Pile up those rocks.
318,Tinongpal da kano ay emey ed bowan.,They have reportedly achieved going to the moon.
319,Iwagwag mo din galey ta makaan din tilang.,Shake the blanket so the fleas will be removed.
320,Ipa-maga mo kod din balatong.,Please dry the beans.
321,Naenaban din ginawang / Man-godo.,It's going to flood.
322,Adim ipaway / Adim ipaey sin pantaew.,Do not put it outside.
323,Nalaing ka.,You are smart.
324,"Nalawa di liknak, songbatam kod.","I am lonely, you answer."
325,Ipikam. / Iubad mo.,You stand up/you stand it up.
326,Gominek ka.,Shut your mouth / you shut your mouth.
327,"Awni kod, dakuwek san nanang mo.","Hold on, let me ask your mother."
328,Bakelem daida ta itnengen da.,Hit them so they will listen.
329,Agyamanak,Thank you.
330,Iaboan yo abe si sak-en sin manok.,Chase the chickens away for me also.
331,Inabongoan da din ani.,They did the harvest as a group.
332,"Mo way bisita mis sin-asawa, magay waya sin beey mi.","If we have a married couple as visitors, we have no space in our house."
333,Enggana as wakget sin agsapa.,Until tomorrow morning.
334,"En tako et, manbolingetnan.","Come on, it's getting dark."
335,Alas dowa sin masdem / labi.,It's two o'clock in the afternoon
336,Alas kwatro wenno alas singko sin masdem.,It's four or five in the afternoon.
337,Omaliak mo way wayak.,I'll come if I have time.
338,Wayawayaak sin Dominggo tan magay oblak.,I am free on Sundays because I have no work.
339,Wayaam dakamin Emilio ta mantolag kami mo sinoy makaey.,Give Emilio and me advance notice so we will arrange who will be able to go.
340,An-anopen ko nan lapis.,I am looking for a pencil.
341,Imula ni nanang din taba-ang / panyas.,Mother plants corn.
342,Goygoyoden ni tatang din kaiw.,Father pulls the wood.
343,Ilaek din kilyat.,I look at the lightning.
344,Mankanta daida.,They sing.
345,Manseyseyek din ubing.,The child laughs.
346,Gadigadan din posa nan bagi na.,The cat scratches its skin.
347,Mantagtag din aso sin kalsada.,The dog runs on the road.
348,Itnengen mi din kali di maestro.,We listen to the teacher's words.
349,Ilon-lonak si lola ko.,I massage my grandmother.
350,Donsaren / Doparen ni tatang din luta.,Father measures the land.
351,Piduten ni nanang din itlog.,Mother picks up the egg.
352,Ipa-usarko nan kutsara.,I use a spoon.
353,Iituloy da nan obla da.,They continue their work.
354,Egnan din ubing nan takkay ni nanang na.,The child holds Mother's hand.
355,Ilaek din dontog.,I look at the mountain.
356,Songbatam din daku / kali.,You answer the question.
357,Bayowen ni tatang din begas.,Father pounds the rice.
358,Dakuwen ko di tulong.,I ask for help.
359,Man-aam-mong kami sin beey.,We gather at the house.
360,Witiwitan daka sin aso.,The dog will wag its tail at you.
361,Gawis ta nan-abat tako.,Nice to meet you.
362,As wakget kasan.,See you tomorrow.
363,Isten mo / I-anad ka.,Take care.
364,Man-oto si nanang ko tinan-ew.,My mother cooks every day.
365,Pangpangoan si manong ko en sak-en.,My brother is older than me.
366,Panginaen ko hidi.,She is my aunt.
367,Lolong ko hidi.,He is my grandfather.
368,Inpasyar mi din agi mi.,We visited our relatives.
369,Naowat ak. / Daga-angak.,I am hungry.
370,Man-atong nan gangan / sabeng na.,This soup is hot.
371,Idawat mo kod nan makan ko?,Can I have some rice?
372,Mam-is din lames di ka-ew.,The fruit is sweet.
373,En tako et man-oto si pangrabiyan.,Let's cook dinner.
374,Adak layden nan mansalsalangat ay makan.,I don't like spicy food.
375,Inila na tan naek kami sidi ya.,"He saw it because we slept there, you see."
376,Imbag ta naagew nan daya edwani.,The sky is clear today.
377,Man-atet / Tengnen nan agsapa ay nay.,It's cold this morning.
378,Mandagdagem / Mapigsa nan dagem.,The wind is strong.
379,Iali mo din payong.,Bring an umbrella.
380,Way miting ko edwani.,I have a meeting today.
381,Man-obla din babai sin kantinan.,She works at a store.
382,Enggay nalpas nan inbaga na.,He finished his report.
383,Mabbayak sin obla.,I am tired from work.
384,Palogian mi nan obla sin alas wao.,We start work at eight.
385,Way exam ko as wakget.,I have a test tomorrow.
386,Initdo di maestro din adalen.,The teacher explained the lesson.
387,Niling-ak din librok.,I forgot my book.
388,Palogian di klase sin alas siyam.,Class starts at nine.
389,Masapol ko di man-adal ed labi.,I need to study tonight.
390,Mankanta din titit.,The bird is singing.
391,Masep-seyep din ngiyaw / posa.,The cat is sleeping.
392,Mantagtag din kabayo.,The horse is running.
393,Manlangoy din bising / nankatit.,The fish is swimming.
394,Nan-itlog din manok.,The chicken laid an egg.
395,Lawa di liknak / Kamanak manmalalya.,I have a fever.
396,Man-inom ka si ad-ado ay danum.,Drink plenty of water.
397,Masapol ko nan man-inana.,I need to rest.
398,Inomem nan agas ay nay.,Take this medicine.
399,Gawis di liknak ed niman.,I feel better now.
400,Naladaw din bas / logan.,The bus is late.
401,Dinmateng kami ay nasapa.,We arrived early.
402,Into kabayag / kaadawi din landingan?,How far is the airport?
403,Napukaw ko din tiket ko.,I lost my ticket.
404,Mabayag din logan.,The trip was long.
405,Mankawanan ka sin siko.,Turn right at the corner.
406,Ipalos mo. / Keddengem ay emey.,Go straight ahead.
407,Wadas asiping di malkit.,It's near the market.
408,Adawi mapo dya.,It's far from here.
409,Isten mo ay bomallasiw sin kalsada.,Cross the street carefully.
410,Pigay nay?,How much is this?
411,Peteg ay nangina.,It's too expensive.
412,Ay waday lay banban-eg?,Do you have a smaller size?
413,Alaem ko nan nay. / Alaek nan nay.,I'll take this one.
414,Mabalin ay pilak nan ibayad ko?,Can I pay with cash?
415,Man-ay-ayus din ginawang.,The river is flowing.
416,Andodokay nan kaiw.,The trees are tall.
417,Manbunga / Manbokat nan lolas.,The flowers are blooming.
418,Lomneden din agew.,The sun is setting.
419,Gawis din dontog.,The mountain is beautiful.
420,Bumangonak ay nasapa.,I wake up early.
421,Manggusiak si bab-ak.,I brush my teeth.
422,Manganak sin agsapa sin alas siyete.,I eat breakfast at seven.
423,Masep-seyepak agan-o.,I will take a nap.
424,Maseyepak sin alas dies.,I will sleep at ten.
425,Adi ka iyagalyal tan magopak botilya.,Don't jounce it up and down because the bottles will break.
426,Kaman ay nambalangat / naled-ang sisya.,She looks sad.
427,Bungetan hidi.,He is angry.
428,Emegyatak.,I am scared.
429,Nasasangoan kami.,We are excited.
430,Esa din agik ay lalaki.,I have one brother.
431,Wada di dowa-pulo-yan-dowa ay bowan.,There are twelve months.
432,Nanlakoak si tloloy bado.,I bought three shirts.
433,Pito nan libro na.,She has seven books.
434,Omiyagalyal din logan sin lawlawa ay danan.,The vehicle is jouncing me up and down on the bad road.
435,Sinoy agew edwani?,What day is today?
436,Enggay kawayan di agew.,It's already noon.
437,Man-abat takoet as dimateng ay dominggo.,We'll meet next week.
438,Sedsedek enggana masdem.,I'll wait until evening.
439,Nasapa pay laeng.,It's still early.
440,Dalosam nan beey.,Clean the house.
441,Itangeb mo nan tangeb.,Close the door.
442,Iddepem nan silaw.,Turn off the light.
443,Man-ated nan atek.,The roof is leaking.
444,Sapuwan mo nan dalled.,Sweep the floor.
445,Man-esek kami si begas / pagay sin Hunyo.,We plant rice in June.
446,Manbunga / Manbalon nan mula.,The crops are growing.
447,Danomam nan mula.,Water the plants.
448,As din omali ay bola nan ani.,Harvest is next month.
449,Gawis nan luta.,The soil is rich.
450,"Magbado kas dyakit, matengnen.","Wear a jacket, it's cold."
451,Balo nan sapatos ay nay.,These shoes are new.
452,Labaem nan badok.,Wash my clothes.
453,Peteg ay daki nan bado ay nay.,This shirt is too big.
454,Topien mo nan oles.,Fold the blanket.
455,Gawis nan sin-asiping.,The neighbors are friendly.
456,Manbinnadang tako.,We help each other.
457,Way pesta edwani.,There's a fiesta today.
458,Naam-mong da am-in ed pantaew.,Everyone gathered outside.
459,Komedgeng nan ili.,The village is quiet.
460,Nanlakoak si balo ay telepono.,I bought a new phone.
461,Ipa-karga mo nan baterya.,Charge the battery.
462,Mabunget / Mabayag nan internet edwani.,The internet is slow today.
463,Ipa-ey mo nan kali en sak-en.,Send me the message.
464,Niling-ak nan password ko.,I forgot my password.
465,Pasilaem nan kompyuter.,Turn on the computer.
466,Magay papil nan printer.,The printer is out of paper.
467,Mankodak ka.,Take a picture.
468,Mabayag nan video.,The video is loading.
469,Masapol ko di balo ay charger.,I need a new charger.
470,Nasingil / Masileng nan bola ed labi.,The moon is bright tonight.
471,Mancalcalading nan talaw.,Stars are shining.
472,Bimmallasiw nan banyas / tinmongaw nalpas nan odan.,A rainbow appeared after the rain.
473,Komedgeng nan lona.,The lake is calm.
474,Mabolinget nan pagpag.,The forest is dark.
475,Tumayaw nan titit as din matengnen ay agew.,Birds fly south in winter.
476,Man-godo nan amgali.,The waves are crashing.
477,Mantedted nan yelo.,Snow is falling.
478,Mansukat nan koblan di tolong di kaiw.,The leaves are changing color.
479,Gimmopo nan banyas / kallauba sin lolas.,A butterfly landed on the flower.
480,Man-ay-ayamak si basketball as Sabado yan Domingo.,I play basketball on weekends.
481,Manlangoy din babai tinan-ew ay agsapa.,She swims every morning.
482,Mansursuro sisya ay mantagtag.,He is training for a race.
483,Inila mi nan ay-ayam di putbol.,We watched a football game.
484,Inabak da.,They won the match.
485,Laydek ay mansala.,I like to dance.
486,Man-gitarra sisya.,He plays the guitar.
487,Nalaing ay mankanta din babai.,She sings beautifully.
488,Mansubsubali kami tinan-ew ay agew.,We practice every day.
489,Naabak daida.,The team lost the game.
490,Masapol ko ay isukat nan ID ko.,I need to renew my ID.
491,Isulat mo nan ngadan mo sina kod.,Sign here please.
492,Iali mo din papil mo.,Bring your documents.
493,Natan-geb nan opisina edwani.,The office is closed today.
494,Isulat mo nan papil ay nay.,Fill out this form.
495,Binayaran ko nan mabyat / utang.,I paid the bill.
496,Wadas asiping nan bangko.,The bank is nearby.
497,In-iyat ko nan papil ko sin bangko.,I opened a savings account.
498,Mangaan ka si pilak sin bangko.,Withdraw some money.
499,Tinmay-at nan bayad na.,The price went up.
500,Aw yan.,"Yes, of course."
501,Ipa-seyep mo nan ubing.,Rock the baby to sleep.
502,Mandandanan nan ubing ed niman.,The toddler is walking now.
503,Pakanem nan ubing.,Feed the baby.
504,Isukat mo nan bado din ubing.,Change the diaper.
505,Ad-adal nan ubing ay mankali.,The child is learning to talk.
506,Isten mo din anan-ak.,Watch the children carefully.
507,Manayayam nan anan-ak ed pantaew.,The kids are playing outside.
508,Ipaeyam sin katre nan ubing ta maseyep.,Put the baby down for a nap.
509,Man-eek nan anan-ak.,The children are laughing.
510,Naballat nan kotse / logan.,The car broke down.
511,I-am-amod mo nan makina.,Fix the engine.
512,Ipunom nan gasolinahan di logan.,Fill the tank with gas.
513,Ilaem nan gatin di logan.,Check the tires.
514,Peteg ay mabyat nan logan sin kalsada.,The traffic is heavy.
515,Iisad mo nan logan sina.,Park the car here.
516,Am-amagen da nan kalsada.,The road is under construction.
517,Italged mo nan bagi mo sin logan.,Wear your seatbelt.
518,Mapaspas nan motor.,The motorcycle is fast.
519,I-anad ka ay manmaneho / manlogan.,Drive carefully.
520,Maseypanak.,I feel sleepy.
521,Man-inana takoet agan-o.,Let's take a break.
522,Laydek si gawis ay dagem.,I love the fresh air.
523,Peteg ay maingal nan kwarto ay nay.,The room is too noisy.
524,Inpababam nan kali na.,Turn down the volume.
525,Komedgeng sina.,It's very quiet here.
526,Peteg ay masileng nan silaw.,The lights are too bright.
527,Bokatam din tawa ta omali nan dagem.,Open the window for air.
528,Naballat nan otokan / tokdoan.,The chair is broken.
529,I-am-amod mo nan lamisaan.,Fix the table.
530,Mancali nan lingling di simbaan.,The church bells are ringing.
531,Nan-luwalo kami ay maam-mong.,We prayed together.
532,Nankali din padi.,The priest gave a sermon.
533,Inpesta da nan kasal.,They celebrated the wedding.
534,Nankasal daida.,The couple got married.
535,Inmey kami sin bunyag.,We attended the baptism.
536,Inmey da ed nabiit sin natey.,The funeral was yesterday.
537,Inpasila da nan kandila.,They lit candles.
538,Nankanta daida sin simbaan.,The choir sang a hymn.
539,Adak nangan sin agew di kwaresma.,We fasted during Lent.
540,Peteg ay ad-ado din ipogaw sin malkit.,The market is crowded.
541,Manlalko daida si mula ay kanen sin kalsada.,Vendors are selling vegetables.
542,Balo / nankatit pay laeng nan bising.,The fish is fresh.
543,Ibagam ta ipababa da nan bayad na.,Bargain for a lower price.
544,Natan-geb nan kantinan sin alas sais.,The store closes at six.
545,Masapol ko di manlako si agas.,I need to buy medicine.
546,Nabokatan nan botika.,The pharmacy is open.
547,Manlako kas tinapay.,Buy some bread.
548,Manbango nan beey di tinapay.,The bakery smells good.
549,Alaem din naluom ay lames di ka-ew.,Choose the ripe fruit.
550,Man-godo nan dontog ay nan-apoy.,The volcano is active.
551,Nanyegyeg ed labi.,An earthquake happened last night.
552,In-andod / kinan di enaban nan mula.,The flood destroyed the crops.
553,Paway / emey kayo sin adawi.,Evacuate the area.
554,Mapaspas nan apoy ay man-an-andod.,The fire spread quickly.
555,Dakuwen mo di tulong.,Call for help.
556,Dinmateng da nan tumolong en datako.,The rescue team arrived.
557,Ad-ka pampaway sin beey.,Stay safe indoors.
558,Omalali nan bagyo.,The storm is approaching.
559,Isaganam nan agas ya masapol mo.,Prepare an emergency kit.
560,Laylaydek nan manbasa si libro.,I love reading books.
561,Komedgeng nan biblioteka.,The library is quiet.
562,Bulodem nan librok.,Borrow a book from me.
563,Gawis nan istorya ay nay.,This story is interesting.
564,Mansulatak sin librok.,I write in my journal.
565,Magay tinta nan bolpen.,The pen ran out of ink.
566,Isukat mo nan papil di libro.,Turn to the next page.
567,Balo nan gazeta / libro ay nay.,The magazine is new.
568,Inbaga ko ta ipaey da nan solat en sak-en.,I subscribed to a newsletter.
569,Inbaga din dyalyo nan istorya sin ili.,The newspaper reported the news.
570,Peteg ay man-atong nan kape.,The coffee is too hot.
571,Laydek nan ti sin agsapa.,I like tea in the morning.
572,Ipaeyam si mam-is kod.,Add some sugar please.
573,Matengnen nan dyus / danum di lames di ka-ew.,The juice is cold.
574,Ipaeyam di danum ko kod.,Pour me some water.
575,Balo pay laeng nan gatas.,The milk is fresh.
576,Laydek si esa ay baso si loka.,I want a glass of soda.
577,Masapol pay si asin nan gangan.,The soup needs more salt.
578,Kiwaem kod nan sabeng na.,Stir the sauce.
579,Enggay naisagana nan tinapay ay mam-is.,The cake is ready.
580,Naballat nan kompyuter ko.,My computer crashed.
581,Pasilaem kasin nan kompyuter.,Restart the device.
582,Adi mankali nan app sin telepono.,The app is not working.
583,Isukat mo nan bano sin kompyuter.,Update the software.
584,Napukaw ko nan solat ko.,I lost my files.
585,Isten mo nan solat mo sin esa pay ay beey na.,Back up your data.
586,Nabuskag nan kalsas na.,The screen is cracked.
587,Ipaey mo sin linya di internet.,Connect to the wifi.
588,Mabayag / makapoy nan linya dya.,The signal is weak.
589,Alaem nan solat sin telepono.,Download the file.
590,Maingal nan bako din aso.,The dog barked loudly.
591,Nanot-ot din pusa.,The cat is hiding.
592,Pakanem nan an-atup / ay-ayam.,Feed the animals.
593,Mangan nan kalding si lopa.,The goat is eating grass.
594,Wadas baon nan besaa.,The pig is in the pen.
595,Nancali nan kawitan sin talan-o.,The rooster crowed at dawn.
596,Manlangoy nan pato sin lona / loganak.,The duck swims in the pond.
597,Mapigsa nan nuang.,The carabao is strong.
598,Gataem din baka.,Milk the cow.
599,Sisingit nan oken dya.,The puppy is playful.
600,Inila din doktol nan pigsa di dadak.,The doctor checked my blood pressure.
601,Masapol ko ay pailas doktol.,I need a checkup.
602,In-aslowan din nars sak-en.,The nurse gave an injection.
603,Inumem nan doway agas tinan-ew ay agew.,Take two tablets a day.
604,Man-mamag nan bigat.,The wound is healing.
605,Ibagaak si Julia mo laydena ya.,I'll ask Julia if she wants to.
606,Man-sakit nan eges ko.,My stomach hurts.
607,Naalweng nan gatin ko.,I twisted my ankle.
608,Nabokatan nan klinika as Lunes.,The clinic is open on Mondays.
609,Iali mo nan papil mo lopo sin ospital.,Bring your medical record.
610,Gawis ay peteg nan kasal.,The wedding was beautiful.
611,Nansapatada sin malkit / nankasal.,They exchanged vows.
612,Nambado si kilat din babai ay mankasal.,The bride wore white.
613,Nansala da nan inmay enggana natey nan labi.,Guests danced all night.
614,Wadas daki ay beey nan panganan.,The reception was at the hall.
615,Inbaga da di ad-ado ay ipogaw ta omali da.,They invited many guests.
616,Gedgedem da nan tinapay ay mam-is.,The cake was cut.
617,Nan-kodak daida am-in.,Photos were taken.
618,Man-am-amod daida ay nankasal.,The couple is happy.
619,Palogian di kantaan sin alas siyete.,The party starts at seven.
620,Laydek ay madal ay manlangoy.,I want to learn to swim.
621,In-itdo na en sak-en nan man-oto.,He taught me how to cook.
622,Ad-adalen din babai nan manmaneho.,She is learning to drive.
623,Ad-adalen mi nan kali ed adawi / Ingles.,We are practicing English.
624,Way inmabagan di ad-al ko edwani.,I made progress today.
625,Ad-ka isisaldeng.,Keep trying.
626,Ad-ka omogyat / kisaldeng.,Don't give up.
627,Gawis nan inamag mo.,You did well.
628,Peteg ay am-amodak en sik-am.,I am proud of you.
629,Gawis ta inabak mo nan obla mo!,Congratulations on your success.
630,Peteg ay maktang nan kalsada sin dontog.,The mountain trail is steep.
631,Nandanan kami si tloloy olas.,We hiked for three hours.
632,Iali mo nan danum mo as ka mandanan.,Bring water when you hike.
633,Peteg ay gawis nan mabasas toktok di dontog.,The view from the top is amazing.
634,Nan-beey kami asisiping sin waig agan-o.,We set up camp near the river.
635,Mangamag kas apoy ta maton-atongan tako.,Build a fire for warmth.
636,Adi masep-ep nan beey mi ay lona.,The tent is waterproof.
637,Inila mi nan ay-ayam ed pagpag.,We saw wild animals.
638,Napitok nan kalsada.,The trail is muddy.
639,Ilaem nan gatinan mo.,Watch your step.
640,Palogian di fiesta as Sabado yan Domingo.,The festival starts this weekend.
641,Way manli-likos / parada as agew.,There will be a parade.
642,Nansala da nan ipogaw sin entablado / toktok.,Dancers performed on stage.
643,"Laydena yan, inbaga na ed kaonyan.","She does want to, she said so a little while ago."
644,Inpasila da nan kwitis ed daya.,Fireworks lit up the sky.
645,Manlako daida si maiyasasnan lako / dong-aw.,Vendors sold souvenirs.
646,Nan-kodak da nan nallopo si adawi ay ipogaw.,Tourists took photos.
647,Ay kindeng mo?,Did you finish it?
648,Am-amod am-in nan ipogaw ay mangila.,Everyone enjoyed the show.
649,Nampesta da enggana natey nan labi.,The celebration lasted all night.
650,Masapol ko ay am-amogen nan atep di beey.,I need to fix the roof.
651,Mantedted nan tobo di danum.,The pipe is leaking.
652,Ibagam kod ta way omali ay mangam-amag si tobo.,Call a plumber.
653,Masapol ay pintaan nan diding di beey.,The wall needs painting.
654,Isukat mo nan naballat ay siminto sin dalled.,Replace the broken tile.
655,Magay silaw / kuryente ed niman.,The electricity went out.
656,Ilaem nan beey di kuryente.,Check the fuse box.
657,Man-obla nan makina di silaw.,The generator is running.
658,Ipaeyam si balo ay tansora nan pantaew.,Install a new lock.
659,Masapol ay am-amogen nan pantaew ay bakal.,The gate needs repair.
660,Laydek ay mangam-amag si kantina / obla.,I want to open a business.
661,Gawis nan obla di kantina.,The shop is doing well.
662,Masapol mi pay di manlako en datako.,We need more customers.
663,Mapaspas nan lako mi.,The product is selling fast.
664,Ibagam sin telepono / internet nan lakom.,Advertise on social media.
665,Naladaw din nangiyali si lako mi.,The supplier delivered late.
666,Bilangem nan mabilang ay lako sin beey.,Check the inventory.
667,Tinmay-at nan pilak mi sin bola ay nay.,The profit increased this month.
668,Way inpa-obla mi ay balo ay ipogaw.,We hired a new employee.
669,Inbaga din pangolo di obla nan miting.,The manager scheduled a meeting.
670,As din omali ay bola nan botosan.,The election is next month.
671,Insolat ko nan ngadan ko ta manbotosak.,I registered to vote.
672,Nankali din mayor sin ad-ado ay ipogaw.,The mayor gave a speech.
673,In-amag da di balo ay bilbilin / kostombri.,They passed a new law.
674,Nan-miting da nan ipogaw sin barangay.,The barangay held a meeting.
675,Masapol mi di gawis ay kalsada.,We need better roads.
676,In-amag di pangolo nan tityan / tolod.,The government built a bridge.
677,Masapol ko di manbayad sin obla edwani ay domigo.,Taxes are due this week.
678,Inbaga nan sin-ili di tulong da.,The community requested help.
679,Masapol dengngen di pangolo nan kali di ipogaw.,Leaders should listen to the people.
680,Peteg ay ligat nan iniyali di fobor.,The war caused much suffering.
681,Isten di sondalo nan ili tako.,Soldiers protect the country.
682,Gawis ed niman ta magay fobor.,Peace was finally declared.
683,Insolat da nan kontrato di talged am-in.,The treaty was signed.
684,Kaman kasin nan istorya ed nabaon sin ed niman.,History repeats itself.
685,Ad-adalen mi nan gasat di apo mi ed nabaon.,We learned about our ancestors.
686,Wadas beey di nabaon nan al-alisto ed nabaon.,The museum has old artifacts.
687,In-amag da nan bato ay paway ta am-amod tako sin nalaing ed nabaon.,The monument honors the heroes.
688,Isten tako nan kostombri tako ay nallopo sin apo tako.,Culture should be preserved.
689,In-itdo da apo nan kostombri sin anan-ak.,Traditions are passed down.
690,Andodokay / peteg ay daki nan lubong am-in.,The universe is vast.
691,Mancalcalading nan talaw sin daya.,Stars form in galaxies.
692,Manli-likos nan luta sin agew.,The planet orbits the sun.
693,Ad-adalen da nan nalaing nan amgali.,Scientists study the ocean.
694,Sip-ipen di luta nan gatinan tako.,Gravity holds us to the ground.
695,Gawis nan nalpasan di inad-al mi.,The experiment was successful.
696,Inpadas mi din pan-gawisan di obla.,We tested the hypothesis.
697,Way balo ay al-alisto sin kwarto di ad-al.,The laboratory has new equipment.
698,In-stenan mi ay mam-mong sin solat.,Data was collected carefully.
699,Nantaw-en nan inad-al mi.,The research took years.
700,Gimmopo sin luta nan talipyano ay matalged.,The airplane landed safely.
701,Tinmay-at da nan ipogaw sin talipyano.,Passengers boarded the flight.
702,Inbaga din manmaneho sin talipyano nan ladaw da.,The pilot announced the delay.
703,Nanyegyeg si napigsapigsa.,There was an extremely strong earthquake.
704,Napukaw nan mabyat ay bag mi.,The luggage was lost.
705,Isolat mo nan ngadan mo sin pangbayadan.,Check in at the counter.
706,Gawis nan daddanan di talipyano ed daya.,The flight was smooth.
707,Osto nan olas di gimmopoan mi.,We landed on time.
708,Ad-ado nan ipogaw sin gopoan di talipyano.,The airport was busy.
709,Inila di pangolo nan bag mi sin landingan.,Customs checked our bags.
710,Masapol ay danomam nan mulaan si lolas.,The garden needs watering.
711,Imula mo nan bengan di mula ed niman.,Plant the seeds now.
712,Masapol di agew nan lolas ta manbunga.,The flowers need sunlight.
713,Kaanem nan lopa ay masep-ep sin mula.,Pull out the weeds.
714,Mabalin ay anien nan mula ay kanen.,The vegetables are ready to harvest.
715,Gedgedem nan koblan di kaiw dya.,Trim the bushes.
716,Masapol di man-pagawis sin luta.,The soil needs fertilizer.
717,Danomam nan lolas tinan-ew ay agsapa.,Water the garden every morning.
718,Naluom nan kamatis.,The tomatoes are ripe.
719,Alaem nan lames di kaiw ay inanad ka.,Pick the fruits carefully.
720,Peteg ay gawis nan kantaan.,The concert was amazing.
721,Nankanta tet-ewa din ipogaw sin toktok.,The singer performed live.
722,Nalako am-in nan tikit si masapa.,Tickets sold out quickly.
723,Maingal nan eek di ad-ado ay ipogaw.,The crowd cheered loudly.
724,Masileng nan silaw sin entablado.,The stage lights were bright.
725,"Idi sinmaldeng din pewek, nanyegyeg.","After the typhoon stopped, it earthquaked."
726,"Mo ad-adoy kosili ay nadalapat sin pangan di kaiw, yokyoken da.","If many birds are lined up on a tree branch, they bend it over."
727,Naladaw din palogian di mangilaan.,The show started late.
728,Manyoyongo ka ta ilaem gatinam.,Look down so you'll see where you step.
729,Nalpas nan kantaan sin pampakpak di ipogaw.,The performance ended with applause.
730,Laydek ay emey sin adawi ay ili sin lubong.,I want to travel abroad.
731,Masapol mi nan papil si emey sin adawi.,We need a visa.
732,In-amag da nan papil mi sin daki ay opisina ed adawi.,The embassy processed our documents.
733,Isten mo nan bag mo as agsapa pay laeng.,Pack your bags early.
734,Madalos nan kwarto sin otel.,The hotel room is clean.
735,Inmey kami sin beey di inanaan asisiping sin amgali.,We checked into the resort.
736,Gawis nan dalled di amgali.,The beach was beautiful.
737,Nanlangoy kami sin amgali / daki ay danum.,We swam in the ocean.
738,Inbaga din mangitdo si kalsada nan nabaon ay istorya.,The tour guide explained the history.
739,Nanlogan kami sin bangka / baloto.,We took a boat ride.
740,In-ebkas di mistra nan solat di eskwela.,The teacher graded the papers.
741,Idawat mo nan oblaem as wakget.,Submit your assignment tomorrow.
742,Peteg ay maligat nan eksam.,The exam was difficult.
743,Inabak ko din eksam / ad-al.,I passed the test.
744,Inbaga din mistro si osto yan matalged.,The professor explained clearly.
745,Nan-iskwela kami ay maam-mong.,We studied together.
746,Peteg ay maingal nan kwarto di eskwela.,The classroom was noisy.
747,Andodokay nan kalin di mistro.,The lecture was long.
748,Isolat mo nan ibaga di mistra sin klasi.,Take notes during class.
749,Masapol ay malpas nan obla as Biyernes.,The homework is due Friday.
750,Mancali nan kampana di apoy.,The fire alarm went off.
751,Manyoyot sin danan tan way sakit na.,He moves slowly on the trail because he has a sickness.
752,Dinmateng da nan mam-ateng si apoy si masapa.,The firefighters arrived quickly.
753,Komedgeng am-in nan ipogaw.,Everyone stayed calm.
754,Inila da nan beey dya ta way naballat.,The building was checked for damage.
755,Onod mo nan solat di pampawayan.,Follow the emergency exit signs.
756,Gawis nan nalpasan di inpadas mi.,The drill was successful.
757,Ibagam as way ligat dya.,Report any hazards.
758,Masapol tet-ewa nan matalged tako.,Safety is important.
759,Isten mo din agew-agew ta naisagana ka.,Always be prepared.
760,Manganak.,I am eating.
761,Omin-uminum ka.,You are drinking.
762,Mandandanan hidi.,He is walking.
763,Maseypan din babai.,She is sleeping.
764,Montotokdo kami.,We are sitting.
765,Man-aallad daida.,They are standing.
766,Man-baok nan aso.,The dog is barking.
767,Mantagtag nan pusa.,The cat is running.
768,Tumayaw din titit sin adawi.,The bird flew away.
769,Inisaldeng nan odan.,The rain stopped.
770,Ilaek nan kaiw.,I see a tree.
771,Ilaek nan beey.,I see a house.
772,Ilaek nan waig.,I see a river.
773,Ilaek din agew.,I see the sun.
774,Ilaek din bola.,I see the moon.
775,Idawat mo kod nan danum ko.,Give me water.
776,Idawat mo kod nan makan ko.,Give me food.
777,Idawat mo kod nan gipan.,Give me the knife.
778,Idawat mo kod nan bag ay doy.,Give me that bag.
779,Iali mo nan goko / labba.,Bring the basket.
780,Alowem kod nan nay en sak-en.,Carry this for me.
781,Ipaey mo sin lamisaan.,Put it on the table.
782,Iisad mo sin luta.,Put it down.
783,Alaem kod nan wadas luta.,Pick it up.
784,Isten mo nan nay.,Hold this.
785,Gedgedem nan patpatok / dikes.,Cut the meat.
786,Otoem nan makan / binayo.,Cook the rice.
787,Ipalwak mo nan danum.,Boil the water.
788,Owasam nan pinggan.,Wash the plate.
789,Owasam nan limam.,Wash your hands.
790,Siksikam nan pantaew.,Sweep the yard.
791,Palsiem nan kaiw.,Chop the wood.
792,Man-ak ka si danum.,Fetch the water.
793,Pakanem nan manok.,Feed the chicken.
794,Itali mo nan tali.,Tie the rope.
795,Bokatam nan goko / labba.,Open the basket.
796,Tangebam nan kahon / beey-beey.,Close the box.
797,Kalobam nan banga.,Cover the pot.
798,Inpasilaem nan apoy.,Light the fire.
799,Idsebmo nan apoy.,Put out the fire.
800,Man-atong nan agew.,The sun is hot.
801,Matengnen nan danum.,The water is cold.
802,Man-ap-apoy nan apoy.,The fire is burning.
803,Naluto nan makan / binayo.,The rice is cooked.
804,Ata-ata nan dikes / patpatok.,The meat is raw.
805,Naluom nan ba-at.,The banana is ripe.
806,Balo / nankatit pay laeng nan mula ay kanen.,The vegetable is fresh.
807,Mabyat nan nay.,This is heavy.
808,Ma-an-anawa nan nay.,This is light.
809,Bantikit nan nay.,This is small.
810,Dakidaki nan nay.,This is big.
811,Daan nan nay.,This is old.
812,Balo nan nay.,This is new.
813,Adawi nan nay.,This is far.
814,Asiping nan nay.,This is near.
815,Gawis nan nay.,This is good.
816,Ngaag nan nay.,This is bad.
817,Mandandananak emey sin oma.,I am walking to the field.
818,Man-okalak emey sin dontog.,I am going up the mountain.
819,Man-pawayak emey sin waig.,I am going down to the river.
820,Inmey sisya sin malkit.,He went to the market.
821,Nalpo din babai sin beey.,She came from the house.
822,Omasallin kami sin beey ed niman.,We are going home now.
823,Dinmateng da ed nabiit / ed nattan.,They arrived yesterday.
824,Omasallinak kasin as wakget.,I will come back tomorrow.
825,Magay sisya sina.,He is not here.
826,Wadas din babai sidi.,She is over there.
827,Man-om-oma si amak.,My father is a farmer.
828,Man-da-it si inak.,My mother is sewing.
829,Man-gakat si siag-i ko ay lalaki,My brother is fishing.
830,Man-pipi si siag-i ko ay babai.,My sister is washing clothes.
831,Man-in-inana si apok ay lalaki.,My grandfather is resting.
832,Man-ab-abal si apok ay babai.,My grandmother is weaving.
833,Man-oga nan ubing.,The child is crying.
834,Maseypan nan ubing.,The baby is sleeping.
835,In-inanad ay mandanan din amama.,The old man is walking slowly.
836,Man-kankanta din balasang.,The young woman is singing.
837,Matengnenak.,I am cold.
838,Man-atongak.,I am hot.
839,Na-owawak.,I am thirsty.
840,Maanangak din kalin Tatang.,I disagree with Father's words.
841,Tolongam kod sak-en ay en manganap sin antokos ko.,lease help me go look for my glasses.
842,Adiak maalwew / maseypan.,I am not sleepy.
843,Laydek ay mangan.,I want to eat.
844,Laydek ay ominom.,I want to drink.
845,Laydek ay omin-inana.,I want to rest.
846,Adiak layden sa.,I do not want this.
847,Laydek din dya / doy.,I want that one.
848,Kowak nan nay.,This is mine.
849,Enak anapen din nalitaw ay pilak ko.,I'm going to look for my lost money.
850,Naipapatag din kingki en sak-en.,The lamp is directly above me.
851,Wada din kosili ay sana ay mantaytayaw sin patag di beey mi.,That bird was flying directly above our house.
852,En ka mansonod ta pasinsiyaan daka.,Go apologize so that he'll forgive you.
853,"Mamasig si Juan ay emey ed Baguio, anggan dakeyan da.","Juan is determined to go to Baguio, even though they forbid him."
854,Ipasig Juan din laydena.,Juan persists in what he wants.
855,Mapasal ay wada din bas ed Sagpat.,It is estimated that the bus is at Sagpat.
856,Mapapeng keweng mo sin kaeng di makina.,Your ears will be deafened by the noise of the machine.
857,Ay way omipango sin beey da Monte?,Will someone guide me to the Montes' house?
858,"Say nangiyodan da, din kakitkittoyan.",The one they left behind was the smallest.
859,Laydek ay makingalat panggep sin ogali yo.,I'd like to talk with (you) about your customs.
860,Sinoy panggep si demespegam?,What is the reason for your hitting me?
861,"Panget ed wani, siyat way silew.","It's pitch dark now, a torch is necessary."
862,Pandamagan si kalni.,A cutting board for meat.
863,Pomanakpak din takkay na sin bola.,His hand struck the ball with a slapping sound.
864,Mapaltak san anak mo ay man-obla.,That child of yours is a vigorous worker.
865,Ipalpal na din pal-og sin gangsa.,He strikes the gonging object on the gong.
866,Maipalit di man-obla sin agew ay pan-ibbayan.,It is prohibited to work on the day for rest.
867,Adi ka paleten san asin tan manpait.,Don't add too much of that salt because it will be too salty.
868,Napalet di gatas mo.,Your milk is too thick.
869,Nakosokoso din badok tan adi napalansaan.,My clothes are all wrinkled because they weren't ironed.
870,Kaman pag-ong di iyat din logan mi ay mandan.,Our vehicle moved like a turtle.
871,Ipagel na ay emey si asawa na ed Baguio.,He prohibits his wife from going to Baguio.
872,Napagatan din pangdan.,Pineapples are spiny.
873,Manpaganaas san danom; adiak dengngen.,That water makes a roaring sound.
874,Padtokem din alad.,Jump over the fence.
875,Inpadmang das kapi ya tinapay.,They gave (him) coffee and bread.
876,Waday ipogaw ay nataynan ed padmang.,A person was left behind on the other side.
877,Adi ka pomadpadas tan ammok sa.,Don't put me to the test because I know that.
878,Oyodena din timba ay nak-et si lobid.,He lowers the bucket which is tied with a rope.
879,Oyadem din lobid.,Stretch out the rope.
880,Oway ka mo omali ka si bigat onno maga.,It's up to you whether you come tomorrow or not.
881,Oway di iyaat na.,He does whatever he pleases.
882,Opopem ta adi bemelan otot.,Cover the hole so the rat won't come out.
883,En ka iooan daida.,Go ask them for some food.
884,En ka mangoo ta way kanen.,Go beg for food so there will be something to eat.
885,Maiogaanak yan mansakit din toktok ko.,I am all cried out and my head hurts.
886,Man-oga tan iwed si nanang na.,She is crying because her mother is not there.
887,Owatak inlogalogan din odom ay pilak ko.,I just used the rest of my money riding (on buses/jeeps).
888,Waday odom ay seng-ew ay adik layden.,There are other scents that I don't like.
889,Manlakoak si odom ay manok.,I'd like to buy another chicken.
890,Paandoek pay asiak alaen.,"I'll let it grow taller, then I'll get it."
891,"Din anak, itdoam si obla ta nininas pangad-adalan da.",Teach children about work so they will gradually learn.
892,Aw ngin.,Maybe so.
893,Ngisiwan yo ta omali da ay dagos.,Whistle at them so that they will come immediately.
894,Ay en ka makisida ed Tacadang?,Will you go attend the feast in Tacadang?
895,Manngaotoy din danan tan nan-odan.,The path is slippery because it rained.
896,Intoy ngalngalaten da di?,What are they talking about?
897,Nginalat kos sis-iya yan adi sinosombat.,I talked to her and she never answered.
898,Sinoy laydem ay ingadan sin moyang?,What do you want to name the child?
899,Ingadan yo iman di sigsig-ed ay ngadan.,Name her with a very nice name.
900,Kalingeb din liboo sin ngabangab di bowan.,The clouds suddenly covered the light of the moon.
901,Nay di pilak ay indawat mo en sak-en.,Here is the money you gave me.
902,Naoney di baknang ay mangan si mam-is ay makan.,A rich person who eats tasty food is lucky.
903,Namowawet adi mo makakali kamis Kankanaey.,It's indeed good if we are able to speak Kankanaey.
904,Masapol kayman ay nam-osen yo di nankikinalasi ay ligat.,You must admittedly suffer various kinds of hardship.
905,"Magay nam-osen si boway, tan manlogan tako.","No fatigue will be endured, because we will ride."
906,"Namnamaek ay din maikadwa ay bowan, temeg-in.","I expect that the second month, it will get cold."
907,Manam-ay sa ay maadal.,That is easy to learn.
908,Kaman dan kanan en nabaew di otot en amam.,"It's as if they've said (i.e., it seems that I've heard) that your father died."
909,Naadal ka ket. Apay nga adi ka ammo di ibagak?,You're certainly educated. Why don't you know what I'm talking about?
910,Dinmateng kami sin kosto ay mansegep di manok.,We arrived at the very time the chickens go to roost.
911,Namansaan din badok.,My clothes are stained.
912,Ilam tan mamikmik tinapay kos na.,Watch out because my bread here will be squashed.
913,"Mo adi yo patpatien, dakayo met laeng di madosa.","If you don't obey, you are the very ones who will be punished."
914,"Olay mo man-odan, emeyak met laeng.","Even though it rains, I'll go just the same."
915,Ay inam din bola?,Did you take the ball?
916,Pasgepem din mangili ay sana.,Have that visitor come in.
917,Namagmagan din danom sin sakdoan.,The water is empty at the water source.
918,Man-a kas papil ta say ilop-it mo pangipay-am tan nay magay sopot.,"Get some paper and fold it up to make a place in which to put it, because there's no bag."
919,Ay niliknam di yegyeg?,Did you feel an earthquake?
920,Mailigligatan ay man-isbo.,He is having a hard time urinating.
921,Naligat ay mantikid mo man-atong.,It's difficult to climb uphill when it's hot.
922,"Ilid-ip mo, peteg di soyop mo.","Take a nap, you're overly sleepy."
923,Nabotan mata na yan inlekleleklek na.,He had something in his eye and kept rubbing it.
924,Ilkeb ko sin nabisngit ay pantalon.,I'll use it to patch the torn pants.
925,Nailebleb din kamerak sin nan-agadangak sin ginawang.,My camera was immersed when I crossed the river.
926,Say inyat na kanos sa ay linbeng Apo Diyos din daga.,"That's how it happened, they say, that God flooded the earth."
927,"Ten-em, adim lebasen asin.","Take it easy, don't overdo the salt."
928,Dalasen tako tan ilbas dan tapey.,Let's hurry because they'll drink up all the rice beer.
929,Ilayawam mo seppaten daka.,Run away from him if he beats you.
930,Inlayaw da din ayam Bitnak.,They ran off with Bitnak's toy.
931,"Adi makalaon din pitati, tan nasobla.","The market bag can not hold it, because it's too much."
932,Pigay nilaon diblom ay nay si istolya?,How many stories does this book of yours contain?
933,Ilaok mo din patpatok sin pising.,Mix in the meat with the gabi leaves.
934,Alaem san jakit ta ilaob ko sin badok.,Get that jacket for me to put on over my shirt.
935,Aket anggay lam-eden di alam mo?,How come you are taking such a large amount?
936,Nilak-am koy dagaang sin inmeyak ed Tacadang.,I experienced hunger when I went to Tacadang.
937,Malakay kaiw ed gowab.,There are many trees down the hill.
938,Sigaana ay mailabosan.,The snake is hiding.
939,Ilabosan yos sis-iya ta emsen tako.,Take off his clothes for him so that we can bathe him.
940,Nalabes ay naom san balat.,Those bananas are overly ripe.
941,Ipalabaw mo sin innapoy.,Put it on top of the cooked rice.
942,Kilisam book na ta maanaptik.,Trim his hair so it will all be shortened.
943,Mankilangak si kapi si bigat ta wada di kapien tako.,I will roast coffee tomorrow so we have some coffee to drink.
944,Kikinboong din kido.,The thunder made a loud crashing sound.
945,Mankinaw-it din kawal.,The chains are hooked together.
946,Ikaw-iding mon sis-iya.,Link arms with her.
947,Wada di dakdake ay ginawang ay makwani en Matuno.,There is a large river called Matuno.
948,Ikatawanak tan Kankanaey di ammok.,I'm from a Kankanaey-speaking area because Kankanaey is what I know.
949,Mangatawanak tan say inadal ko ed Kibungan.,I speak Kankanaey because that's what I learned in Kibungan.
950,Kakat kano din ason en Bilyot en Adan.,Bilyot's dog reportedly suddenly bit Adan.
951,Adi komat din aso.,The dog won't bite.
952,Ilaem tan mankat sa.,Watch out because that one bites.
953,Nabanglo di kasongsongan di sabsabong.,The flowers have a fragrant scent.
954,Ay laydem ay ed Baguio di mabistigalan di kasom?,Do you want your case to be tried in Baguio?
955,Apay nga adi kayon omikaskaso?,Why don't you pay attention to me?
956,Adi inkaskason din opisyal din kedkedawen di nabibiteg.,The official didn't pay attention to what the poor people were requesting.
957,Adiak inkaskason odan tan laydek ay kedngen oblak.,I didn't heed the rain because I wanted to finish my work.
958,Ikasin mo din dadakke sin kinittoy.,Separate the large from the small.
959,Laydelayden din esay nakay din kasinan nakay.,The one old man really likes the other old man.
960,Binmaba kasin din lakon di dipolyo.,The price of cabbage has gone down again.
961,En da ikasaba din kalin Jesus sin ipogaw.,They are going to preach the words of Jesus to the people.
962,Komapoy ka mo adi ka mangan.,You will become weak if you don't eat.
963,Abaem nan mansakit ay anak tan nay makmakapoy ay mandan.,Carry this sick child on your back because he is presently too weak to walk.
964,"Anggan owat kan kaposan, tan madagsen kayman.","Why don't you just fill it close to the top, because admittedly it's heavy."
965,Anggay nankapos din bowan.,The month is almost over already.
966,Owat kapos na ay nakdeng.,Only a little bit of it is finished.
967,Into pay isna di kapian en Luisa.,Where here (in this town) is Luisa's coffee place?
968,Ad-adoy ipogaw di nangikap-eng sin doy dipolyo.,Many people received an equal share of that cabbage.
969,Ilam tan kaoten dan bolsikom.,Watch out because they'll reach inside your pocket.
970,Emey kayo kano si bigat.,Someone said you are going tomorrow.
971,"Ed nabaon kano, sin-gagayyem di ipogaw ya bowaya.","Long ago, they say, people and crocodiles were friends."
972,Ikankanaey mo kod ta maawatan din anan-ak.,Please say it in Kankanaey so the children will understand.
973,Ammom baw ay mangankanaey!,So you know how to speak Kankanaey!
974,Sino din kangalngalat mo ay doy?,Who is that person to whom you are speaking?
975,"Emeyak ed Bakun, pagak ikanayon ed Palina.","I will go to Bakun, then I will go on to Palina."
976,Ay naisagana din makan?,Has the food been prepared?
977,Nakameleng din gatin di aso.,The dog tracks had claw marks.
978,Kinameleng din posa din tamil ko.,The cat clawed my cheek.
979,Ikamang mo ay somaa.,Go home early.
980,Adi ka paandoem san kalim.,Don't make your speech any longer.
981,Magay inil-ila mis kaman nina.,We have never seen anything like this.
982,Mabainak mo mankamaliak.,I am embarrassed if I make a mistake.
983,Ikamakam ko ay manlaba.,I am hurrying to finish up the laundering.
984,Makalsikalsig nan daga.,This earth is divided up into many areas.
985,Nakaloskos din ipogaw sin deppas ay dinana.,The person fell down the cliff along which he walked.
986,Kal-inem san patpatok.,Turn over that meat.
987,Gominek ka kod ta sak-en di komali.,Kindly be quiet so that I will be the one to speak.
988,Naikalat bonag da.,Their possessions are scattered in various places.
989,Ad-adoy kalasin di lokto.,There are many kinds of sweet potato.
990,Pig-an di kakdengan di anim?,When will your harvest end?
991,Kagkagosana ay omali.,He is hurrying to come.
992,Alaem din kagiyodan.,Get the smallest.
993,Sinoy kadlon mo?,Who is the person next to you?
994,Sino di kadwa mi ay emey ed Bagabag?,Who will be our companions to go to Bagabag?
995,Sinoy kadakdaken di kabayo?,What is the size of the horse?
996,Ikaan mo sa gogon-a ta mandanak.,Take that away first so that I can walk through.
997,Adi ka kod pakaanen dakami isnan ili ay nay.,Please don't make us leave this town.
998,Tomolong ka mo way kaasim.,Help me if you have mercy.
999,"Napnek di ay ipogaw, baken talantado.","That is a trustworthy person, not careless."
1000,Kaanem sinilas mo ta asi ka senggep.,Take off your shoes before you come in.
